event_id,timestamp,user_id,role,home_country,ip_country,system,resource,action,customer_id,records_accessed,is_injected_anomaly,anomaly_type,rules,risk_score,severity,rule_count
E00081,2026-09-07T02:14:00,U001,customer_support,KR,KR,crm,customer_profile,EXPORT,C99001,2500,1,export_spike,OFF_HOURS|EXPORT_SPIKE,65,high,2
E00084,2026-09-13T13:30:00,U007,customer_support,KR,KR,crm,customer_profile,EXPORT,C99004,1400,1,weekend_export,WEEKEND_ACCESS|EXPORT_SPIKE,55,medium,2
E00083,2026-09-11T23:48:00,U005,engineer,KR,KR,privacy_portal,consent_record,VIEW,C99003,2,1,unusual_system_off_hours,OFF_HOURS|UNUSUAL_SYSTEM,45,medium,2
E00085,2026-09-16T18:05:00,U006,operations,KR,KR,ops_portal,customer_profile,VIEW,C80000,1,1,bulk_customer_burst,BULK_CUSTOMER_BURST,40,medium,1
E00086,2026-09-16T18:05:20,U006,operations,KR,KR,ops_portal,customer_profile,VIEW,C80001,1,1,bulk_customer_burst,BULK_CUSTOMER_BURST,40,medium,1
E00087,2026-09-16T18:05:40,U006,operations,KR,KR,ops_portal,customer_profile,VIEW,C80002,1,1,bulk_customer_burst,BULK_CUSTOMER_BURST,40,medium,1
E00088,2026-09-16T18:06:00,U006,operations,KR,KR,ops_portal,customer_profile,VIEW,C80003,1,1,bulk_customer_burst,BULK_CUSTOMER_BURST,40,medium,1
E00089,2026-09-16T18:06:20,U006,operations,KR,KR,ops_portal,customer_profile,VIEW,C80004,1,1,bulk_customer_burst,BULK_CUSTOMER_BURST,40,medium,1
E00090,2026-09-16T18:06:40,U006,operations,KR,KR,ops_portal,customer_profile,VIEW,C80005,1,1,bulk_customer_burst,BULK_CUSTOMER_BURST,40,medium,1
E00091,2026-09-16T18:07:00,U006,operations,KR,KR,ops_portal,customer_profile,VIEW,C80006,1,1,bulk_customer_burst,BULK_CUSTOMER_BURST,40,medium,1
E00092,2026-09-16T18:07:20,U006,operations,KR,KR,ops_portal,customer_profile,VIEW,C80007,1,1,bulk_customer_burst,BULK_CUSTOMER_BURST,40,medium,1
E00093,2026-09-16T18:07:40,U006,operations,KR,KR,ops_portal,customer_profile,VIEW,C80008,1,1,bulk_customer_burst,BULK_CUSTOMER_BURST,40,medium,1
E00094,2026-09-16T18:08:00,U006,operations,KR,KR,ops_portal,customer_profile,VIEW,C80009,1,1,bulk_customer_burst,BULK_CUSTOMER_BURST,40,medium,1
E00095,2026-09-16T18:08:20,U006,operations,KR,KR,ops_portal,customer_profile,VIEW,C80010,1,1,bulk_customer_burst,BULK_CUSTOMER_BURST,40,medium,1
E00096,2026-09-16T18:08:40,U006,operations,KR,KR,ops_portal,customer_profile,VIEW,C80011,1,1,bulk_customer_burst,BULK_CUSTOMER_BURST,40,medium,1
E00097,2026-09-16T18:09:00,U006,operations,KR,KR,ops_portal,customer_profile,VIEW,C80012,1,1,bulk_customer_burst,BULK_CUSTOMER_BURST,40,medium,1
E00098,2026-09-16T18:09:20,U006,operations,KR,KR,ops_portal,customer_profile,VIEW,C80013,1,1,bulk_customer_burst,BULK_CUSTOMER_BURST,40,medium,1
E00099,2026-09-16T18:09:40,U006,operations,KR,KR,ops_portal,customer_profile,VIEW,C80014,1,1,bulk_customer_burst,BULK_CUSTOMER_BURST,40,medium,1
E00100,2026-09-16T18:10:00,U006,operations,KR,KR,ops_portal,customer_profile,VIEW,C80015,1,1,bulk_customer_burst,BULK_CUSTOMER_BURST,40,medium,1
E00082,2026-09-09T11:21:00,U002,customer_support,KR,US,crm,customer_profile,VIEW,C99002,3,1,geo_anomaly,GEO_ANOMALY,30,medium,1
