event_id,timestamp,user_id,role,home_country,ip_country,system,resource,action,customer_id,records_accessed,is_injected_anomaly,anomaly_type
E00001,2026-09-01T08:00:00,U001,customer_support,KR,KR,crm,customer_profile,UPDATE,C10000,1,0,
E00002,2026-09-02T09:07:00,U002,customer_support,KR,KR,crm,ticket_history,VIEW,C10001,2,0,
E00003,2026-09-03T10:14:00,U003,fraud_analyst,KR,KR,fraud_console,transaction_summary,VIEW,C10002,3,0,
E00004,2026-09-04T11:21:00,U004,privacy_analyst,KR,KR,privacy_portal,consent_record,VIEW,C10003,4,0,
E00005,2026-09-07T12:28:00,U005,engineer,KR,KR,admin_console,audit_log,VIEW,C10004,5,0,
E00006,2026-09-08T13:35:00,U006,operations,KR,KR,ops_portal,account_status,UPDATE,C10005,6,0,
E00007,2026-09-09T14:42:00,U007,customer_support,KR,KR,crm,contact_history,VIEW,C10006,7,0,
E00008,2026-09-10T15:49:00,U008,fraud_analyst,KR,KR,fraud_console,device_history,VIEW,C10007,8,0,
E00009,2026-09-11T16:56:00,U001,customer_support,KR,KR,crm,customer_profile,VIEW,C10008,1,0,
E00010,2026-09-14T17:03:00,U002,customer_support,KR,KR,crm,ticket_history,VIEW,C10009,2,0,
E00011,2026-09-15T18:10:00,U003,fraud_analyst,KR,KR,fraud_console,transaction_summary,UPDATE,C10010,3,0,
E00012,2026-09-16T19:17:00,U004,privacy_analyst,KR,KR,privacy_portal,consent_record,VIEW,C10011,4,0,
E00013,2026-09-17T08:24:00,U005,engineer,KR,KR,admin_console,audit_log,VIEW,C10012,5,0,
E00014,2026-09-18T09:31:00,U006,operations,KR,KR,ops_portal,account_status,VIEW,C10013,6,0,
E00015,2026-09-21T10:38:00,U007,customer_support,KR,KR,crm,contact_history,VIEW,C10014,7,0,
E00016,2026-09-01T11:45:00,U008,fraud_analyst,KR,KR,fraud_console,device_history,UPDATE,C10015,8,0,
E00017,2026-09-02T12:52:00,U001,customer_support,KR,KR,crm,customer_profile,VIEW,C10016,1,0,
E00018,2026-09-03T13:59:00,U002,customer_support,KR,KR,crm,ticket_history,VIEW,C10017,2,0,
E00019,2026-09-04T14:06:00,U003,fraud_analyst,KR,KR,fraud_console,transaction_summary,VIEW,C10018,3,0,
E00020,2026-09-07T15:13:00,U004,privacy_analyst,KR,KR,privacy_portal,consent_record,VIEW,C10019,4,0,
E00021,2026-09-08T16:20:00,U005,engineer,KR,KR,admin_console,audit_log,UPDATE,C10020,5,0,
E00022,2026-09-09T17:27:00,U006,operations,KR,KR,ops_portal,account_status,VIEW,C10021,6,0,
E00023,2026-09-10T18:34:00,U007,customer_support,KR,KR,crm,contact_history,VIEW,C10022,7,0,
E00024,2026-09-11T19:41:00,U008,fraud_analyst,KR,KR,fraud_console,device_history,VIEW,C10023,8,0,
E00025,2026-09-14T08:48:00,U001,customer_support,KR,KR,crm,customer_profile,VIEW,C10024,1,0,
E00026,2026-09-15T09:55:00,U002,customer_support,KR,KR,crm,ticket_history,UPDATE,C10025,2,0,
E00027,2026-09-16T10:02:00,U003,fraud_analyst,KR,KR,fraud_console,transaction_summary,VIEW,C10026,3,0,
E00028,2026-09-17T11:09:00,U004,privacy_analyst,KR,KR,privacy_portal,consent_record,VIEW,C10027,4,0,
E00029,2026-09-18T12:16:00,U005,engineer,KR,KR,admin_console,audit_log,VIEW,C10028,5,0,
E00030,2026-09-21T13:23:00,U006,operations,KR,KR,ops_portal,account_status,VIEW,C10029,6,0,
E00031,2026-09-01T14:30:00,U007,customer_support,KR,KR,crm,contact_history,UPDATE,C10030,7,0,
E00032,2026-09-02T15:37:00,U008,fraud_analyst,KR,KR,fraud_console,device_history,VIEW,C10031,8,0,
E00033,2026-09-03T16:44:00,U001,customer_support,KR,KR,crm,customer_profile,VIEW,C10032,1,0,
E00034,2026-09-04T17:51:00,U002,customer_support,KR,KR,crm,ticket_history,VIEW,C10033,2,0,
E00035,2026-09-07T18:58:00,U003,fraud_analyst,KR,KR,fraud_console,transaction_summary,VIEW,C10034,3,0,
E00036,2026-09-08T19:05:00,U004,privacy_analyst,KR,KR,privacy_portal,consent_record,UPDATE,C10035,4,0,
E00037,2026-09-09T08:12:00,U005,engineer,KR,KR,admin_console,audit_log,VIEW,C10036,5,0,
E00038,2026-09-10T09:19:00,U006,operations,KR,KR,ops_portal,account_status,VIEW,C10037,6,0,
E00039,2026-09-11T10:26:00,U007,customer_support,KR,KR,crm,contact_history,VIEW,C10038,7,0,
E00040,2026-09-14T11:33:00,U008,fraud_analyst,KR,KR,fraud_console,device_history,VIEW,C10039,8,0,
E00041,2026-09-15T12:40:00,U001,customer_support,KR,KR,crm,customer_profile,UPDATE,C10040,1,0,
E00042,2026-09-16T13:47:00,U002,customer_support,KR,KR,crm,ticket_history,VIEW,C10041,2,0,
E00043,2026-09-17T14:54:00,U003,fraud_analyst,KR,KR,fraud_console,transaction_summary,VIEW,C10042,3,0,
E00044,2026-09-18T15:01:00,U004,privacy_analyst,KR,KR,privacy_portal,consent_record,VIEW,C10043,4,0,
E00045,2026-09-21T16:08:00,U005,engineer,KR,KR,admin_console,audit_log,VIEW,C10044,5,0,
E00046,2026-09-01T17:15:00,U006,operations,KR,KR,ops_portal,account_status,UPDATE,C10045,6,0,
E00047,2026-09-02T18:22:00,U007,customer_support,KR,KR,crm,contact_history,VIEW,C10046,7,0,
E00048,2026-09-03T19:29:00,U008,fraud_analyst,KR,KR,fraud_console,device_history,VIEW,C10047,8,0,
E00049,2026-09-04T08:36:00,U001,customer_support,KR,KR,crm,customer_profile,VIEW,C10048,1,0,
E00050,2026-09-07T09:43:00,U002,customer_support,KR,KR,crm,ticket_history,VIEW,C10049,2,0,
E00051,2026-09-08T10:50:00,U003,fraud_analyst,KR,KR,fraud_console,transaction_summary,UPDATE,C10050,3,0,
E00052,2026-09-09T11:57:00,U004,privacy_analyst,KR,KR,privacy_portal,consent_record,VIEW,C10051,4,0,
E00053,2026-09-10T12:04:00,U005,engineer,KR,KR,admin_console,audit_log,VIEW,C10052,5,0,
E00054,2026-09-11T13:11:00,U006,operations,KR,KR,ops_portal,account_status,VIEW,C10053,6,0,
E00055,2026-09-14T14:18:00,U007,customer_support,KR,KR,crm,contact_history,VIEW,C10054,7,0,
E00056,2026-09-15T15:25:00,U008,fraud_analyst,KR,KR,fraud_console,device_history,UPDATE,C10055,8,0,
E00057,2026-09-16T16:32:00,U001,customer_support,KR,KR,crm,customer_profile,VIEW,C10056,1,0,
E00058,2026-09-17T17:39:00,U002,customer_support,KR,KR,crm,ticket_history,VIEW,C10057,2,0,
E00059,2026-09-18T18:46:00,U003,fraud_analyst,KR,KR,fraud_console,transaction_summary,VIEW,C10058,3,0,
E00060,2026-09-21T19:53:00,U004,privacy_analyst,KR,KR,privacy_portal,consent_record,VIEW,C10059,4,0,
E00061,2026-09-01T08:00:00,U005,engineer,KR,KR,admin_console,audit_log,UPDATE,C10060,5,0,
E00062,2026-09-02T09:07:00,U006,operations,KR,KR,ops_portal,account_status,VIEW,C10061,6,0,
E00063,2026-09-03T10:14:00,U007,customer_support,KR,KR,crm,contact_history,VIEW,C10062,7,0,
E00064,2026-09-04T11:21:00,U008,fraud_analyst,KR,KR,fraud_console,device_history,VIEW,C10063,8,0,
E00065,2026-09-07T12:28:00,U001,customer_support,KR,KR,crm,customer_profile,VIEW,C10064,1,0,
E00066,2026-09-08T13:35:00,U002,customer_support,KR,KR,crm,ticket_history,UPDATE,C10065,2,0,
E00067,2026-09-09T14:42:00,U003,fraud_analyst,KR,KR,fraud_console,transaction_summary,VIEW,C10066,3,0,
E00068,2026-09-10T15:49:00,U004,privacy_analyst,KR,KR,privacy_portal,consent_record,VIEW,C10067,4,0,
E00069,2026-09-11T16:56:00,U005,engineer,KR,KR,admin_console,audit_log,VIEW,C10068,5,0,
E00070,2026-09-14T17:03:00,U006,operations,KR,KR,ops_portal,account_status,VIEW,C10069,6,0,
E00071,2026-09-15T18:10:00,U007,customer_support,KR,KR,crm,contact_history,UPDATE,C10070,7,0,
E00072,2026-09-16T19:17:00,U008,fraud_analyst,KR,KR,fraud_console,device_history,VIEW,C10071,8,0,
E00073,2026-09-17T08:24:00,U001,customer_support,KR,KR,crm,customer_profile,VIEW,C10072,1,0,
E00074,2026-09-18T09:31:00,U002,customer_support,KR,KR,crm,ticket_history,VIEW,C10073,2,0,
E00075,2026-09-21T10:38:00,U003,fraud_analyst,KR,KR,fraud_console,transaction_summary,VIEW,C10074,3,0,
E00076,2026-09-01T11:45:00,U004,privacy_analyst,KR,KR,privacy_portal,consent_record,UPDATE,C10075,4,0,
E00077,2026-09-02T12:52:00,U005,engineer,KR,KR,admin_console,audit_log,VIEW,C10076,5,0,
E00078,2026-09-03T13:59:00,U006,operations,KR,KR,ops_portal,account_status,VIEW,C10077,6,0,
E00079,2026-09-04T14:06:00,U007,customer_support,KR,KR,crm,contact_history,VIEW,C10078,7,0,
E00080,2026-09-07T15:13:00,U008,fraud_analyst,KR,KR,fraud_console,device_history,VIEW,C10079,8,0,
E00081,2026-09-07T02:14:00,U001,customer_support,KR,KR,crm,customer_profile,EXPORT,C99001,2500,1,export_spike
E00082,2026-09-09T11:21:00,U002,customer_support,KR,US,crm,customer_profile,VIEW,C99002,3,1,geo_anomaly
E00083,2026-09-11T23:48:00,U005,engineer,KR,KR,privacy_portal,consent_record,VIEW,C99003,2,1,unusual_system_off_hours
E00084,2026-09-13T13:30:00,U007,customer_support,KR,KR,crm,customer_profile,EXPORT,C99004,1400,1,weekend_export
E00085,2026-09-16T18:05:00,U006,operations,KR,KR,ops_portal,customer_profile,VIEW,C80000,1,1,bulk_customer_burst
E00086,2026-09-16T18:05:20,U006,operations,KR,KR,ops_portal,customer_profile,VIEW,C80001,1,1,bulk_customer_burst
E00087,2026-09-16T18:05:40,U006,operations,KR,KR,ops_portal,customer_profile,VIEW,C80002,1,1,bulk_customer_burst
E00088,2026-09-16T18:06:00,U006,operations,KR,KR,ops_portal,customer_profile,VIEW,C80003,1,1,bulk_customer_burst
E00089,2026-09-16T18:06:20,U006,operations,KR,KR,ops_portal,customer_profile,VIEW,C80004,1,1,bulk_customer_burst
E00090,2026-09-16T18:06:40,U006,operations,KR,KR,ops_portal,customer_profile,VIEW,C80005,1,1,bulk_customer_burst
E00091,2026-09-16T18:07:00,U006,operations,KR,KR,ops_portal,customer_profile,VIEW,C80006,1,1,bulk_customer_burst
E00092,2026-09-16T18:07:20,U006,operations,KR,KR,ops_portal,customer_profile,VIEW,C80007,1,1,bulk_customer_burst
E00093,2026-09-16T18:07:40,U006,operations,KR,KR,ops_portal,customer_profile,VIEW,C80008,1,1,bulk_customer_burst
E00094,2026-09-16T18:08:00,U006,operations,KR,KR,ops_portal,customer_profile,VIEW,C80009,1,1,bulk_customer_burst
E00095,2026-09-16T18:08:20,U006,operations,KR,KR,ops_portal,customer_profile,VIEW,C80010,1,1,bulk_customer_burst
E00096,2026-09-16T18:08:40,U006,operations,KR,KR,ops_portal,customer_profile,VIEW,C80011,1,1,bulk_customer_burst
E00097,2026-09-16T18:09:00,U006,operations,KR,KR,ops_portal,customer_profile,VIEW,C80012,1,1,bulk_customer_burst
E00098,2026-09-16T18:09:20,U006,operations,KR,KR,ops_portal,customer_profile,VIEW,C80013,1,1,bulk_customer_burst
E00099,2026-09-16T18:09:40,U006,operations,KR,KR,ops_portal,customer_profile,VIEW,C80014,1,1,bulk_customer_burst
E00100,2026-09-16T18:10:00,U006,operations,KR,KR,ops_portal,customer_profile,VIEW,C80015,1,1,bulk_customer_burst
